Product ID;Active (0/1);Name *;Categories (x,y,z...);Price tax excluded or Price tax included;Tax rules ID;Wholesale price;On sale (0/1);Discount amount;Discount percent;Discount from (yyyy-mm-dd);Discount to (yyyy-mm-dd);Reference #;Supplier reference #;Supplier;Manufacturer;EAN13;UPC;Ecotax;Width;Height;Depth;Weight;Quantity;Minimal quantity;Visibility;Additional shipping cost;Unity;Unit price;Short description;Description;Tags (x,y,z...);Meta title;Meta keywords;Meta description;URL rewritten;Text when in stock;Text when backorder allowed;Available for order (0 = No, 1 = Yes);Product available date;Product creation date;Show price (0 = No, 1 = Yes);Image URLs (x,y,z...);Delete existing images (0 = No, 1 = Yes);Feature(Name:Value:Position);Available online only (0 = No, 1 = Yes);Condition;Customizable (0 = No, 1 = Yes);Uploadable files (0 = No, 1 = Yes);Text fields (0 = No, 1 = Yes);Out of stock;ID / Name of shop;Advanced stock management;Depends On Stock;Warehouse
;1;BANDE 10 TICKETS MAIN D'ŒUVRE - LOT DE 200;Accueil,Imprimés Renault,Après-Vente;11,30;0;11,30;0;;;;;4939001150;;;;;;;;;;;;1;both;;;;"<div><font size=2 color=""#333333"">Format ouvert : 160 x 432 mm</font></div><div><font size=2 color=""#333333"">Format fermé : 82 x 432 mm</font></div><div><font size=2 color=""#333333"">60 gr</font></div>";;4939001150,imprimes,renault,rnet,net;;;;bande-10-tickets-main-dœuvre-lot-de-200;;;1;;;1;http://ciscar.local/export/img/imprimes/4939001150.jpg;0;;0;new;0;0;0;0;0;0;0;0
;1;BANDE TICKET NOUVEAU O.R. - LOT DE 200;Accueil,Imprimés Renault,Après-Vente;12,47;0;12,47;0;;;;;4939001160;;;;;;;;;;;;1;both;;;;"<div><font size=2 color=""#333333"">Format ouvert : 128 x 432 mm</font></div><div><font size=2 color=""#333333"">Format fermé : 66 x 432 mm</font></div><div><font size=2 color=""#333333"">60 gr</font></div>";;4939001160,imprimes,renault,rnet,net;;;;bande-ticket-nouveau-or-lot-de-200;;;;;;;http://ciscar.local/export/img/imprimes/4939001160.jpg;0;;0;new;0;0;0;0;0;0;0;0
;1;"FICHE ""TITRE V.O."" - LOT DE 215";Accueil,Imprimés Renault,VO;29,66;0;29,66;0;;;;;4939003140;;;;;;;;;;;;1;both;;;;"<div><font size=2 color=""#333333"">Format : 60 x 85 mm</font></div><div><font size=2 color=""#333333"">170 gr</font></div>";;4939003140,imprimes,renault,rnet,net;;;;fiche-titre-vo-lot-de-215;;;;;;;http://ciscar.local/export/img/imprimes/4939003140.jpg;0;;0;new;0;0;0;0;0;0;0;0
;1;BON ESSENCE CLIENT RESEAU - LOT DE 25;Accueil,Imprimés Renault,Divers;1,26;0;1,26;0;;;;;4939005500;;;;;;;;;;;;1;both;;;;"<div><font size=2 color=""#333333"">Carnet de 25 liasses de 3 feuillets autocopiants (blanc / vert / rose).</font></div><div><font size=2 color=""#333333"">Format : 100 x 145 mm.</font></div>";;4939005500,imprimes,renault,rnet,net;;;;bon-essence-client-reseau-lot-de-25;;;;;;;http://ciscar.local/export/img/imprimes/4939005500.jpg;0;;0;new;0;0;0;0;0;0;0;0
;1;RECU RESEAU BLOC - LOT DE 25;Accueil,Imprimés Renault,Divers;2,19;0;2,19;0;;;;;4939012479;;;;;;;;;;;;1;both;;;;"<div><font size=2 color=""#333333"">Format : 183 x 99 mm</font></div><div><font size=2 color=""#333333"">Carnet de 25 liasses de 3 feuillets autocopiants</font></div>";;4939012479,imprimes,renault,rnet,net;;;;recu-reseau-bloc-lot-de-25;;;;;;;http://ciscar.local/export/img/imprimes/4939012479.jpg;0;;0;new;0;0;0;0;0;0;0;0
;1;BON DE CAISSE - LOT DE 50;Accueil,Imprimés Renault,Divers;10,07;0;10,07;0;;;;;4939012490;;;;;;;;;;;;1;both;;;;"<div><font size=2 color=""#333333"">Format : 180 x 130 mm</font></div><div><font size=2 color=""#333333"">Carnet de 50 liasses de 2 feuillets autocopiants</font></div>";;4939012490,imprimes,renault,rnet,net;;;;bon-de-caisse-lot-de-50;;;;;;;http://ciscar.local/export/img/imprimes/4939012490.jpg;0;;0;new;0;0;0;0;0;0;0;0
;1;TRAVAUX DE CESSION INTERNE - LOT DE 50;Accueil,Imprimés Renault,Après-Vente;2,53;0;2,53;0;;;;;4939024261;;;;;;;;;;;;1;both;;;;"<div><font size=2 color=""#333333"">Bloc de 50 liasses de 3 feuillets autocopiants (canari / blanc / vert).</font></div><div><font size=2 color=""#333333"">Format : 210 x 148 mm.</font></div>";;4939024261,imprimes,renault,rnet,net;;;;travaux-de-cession-interne-lot-de-50;;;;;;;http://ciscar.local/export/img/imprimes/4939024261.jpg;0;;0;new;0;0;0;0;0;0;0;0
;1;ETIQUETTE JAUNE CASIER MPR - LOT DE 40;Accueil,Imprimés Renault,Divers;0,84;0;0,84;0;;;;;4939025590;;;;;;;;;;;;1;both;;;;"<div><font size=2 color=""#333333"">Planche de 40 étiquettes.</font></div><div><font size=2 color=""#333333"">Format : 156 x 508 mm.</font></div>";;4939025590,imprimes,renault,rnet,net;;;;etiquette-jaune-casier-mpr-lot-de-40;;;;;;;http://ciscar.local/export/img/imprimes/4939025590.jpg;0;;0;new;0;0;0;0;0;0;0;0
;1;COMMANDE URGENTE P.R. - LOT DE 1000;Accueil,Imprimés Renault,Après-Vente;34,36;0;34,36;0;;;;;4939028080;;;;;;;;;;;;1;both;;;;"<div><font size=2 color=""#333333"">Format : 210 x 297 mm</font></div>";;4939028080,imprimes,renault,rnet,net;;;;commande-urgente-pr-lot-de-1000;;;;;;;http://ciscar.local/export/img/imprimes/4939028080.jpg;0;;0;new;0;0;0;0;0;0;0;0
;1;CAHIER AGENT ACCUEIL CLIENT;Accueil,Imprimés Renault,Après-Vente;8,87;0;8,87;0;;;;;4939030000;;;;;;;;;;;;1;both;;;;"<div><font size=2 color=""#333333"">Format ouvert : 29,7 x 42 cm.</font></div><div><font size=2 color=""#333333"">Format fermé : 21 x 29,7 cm.</font></div><div><font size=2 color=""#333333"">Cahier vendu à l'unité.</font></div>";;4939030000,imprimes,renault,rnet,net;;;;cahier-agent-accueil-client;;;;;;;http://ciscar.local/export/img/imprimes/4939030000.jpg;0;;0;new;0;0;0;0;0;0;0;0
;1;FICHE ORGANE ECHANGE STANDARD - LOT DE 100;Accueil,Imprimés Renault,Après-Vente;4,00;0;4,00;0;;;;;4939031010;;;;;;;;;;;;1;both;;;;"<div><font size=2 color=""#333333"">Format : 90 x 187 mm.</font></div>";;4939031010,imprimes,renault,rnet,net;;;;fiche-organe-echange-standard-lot-de-100;;;;;;;http://ciscar.local/export/img/imprimes/4939031010.jpg;0;;0;new;0;0;0;0;0;0;0;0
;1;ETIQUETTE ADHESIVE REPERAGE - LOT DE 100;Accueil,Imprimés Renault,Après-Vente;5,31;0;5,31;0;;;;;4939031070;;;;;;;;;;;;1;both;;;;"<div><font size=2 color=""#333333"">Condtionnement : paquet de 10 planches. </font></div><div><font size=2 color=""#333333"">10 étiquettes par planche.</font></div><div><font size=2 color=""#333333"">Format de la planche : 156 x 330,2mm.<";;4939031070,imprimes,renault,rnet,net;;;;etiquette-adhesive-reperage-lot-de-100;;;;;;;http://ciscar.local/export/img/imprimes/4939031070.jpg;0;;0;new;0;0;0;0;0;0;0;0
;1;ETIQUETTE ADHESIVE PERMANENT ROUGE - LOT DE 50;Accueil,Imprimés Renault,Divers;3,70;0;3,70;0;;;;;4939031072;;;;;;;;;;;;1;both;;;;"<div><font size=2 color=""#333333"">Format : 175 mm x 125 mm.</font></div><div><font size=2 color=""#333333"">Sur adhésif fluo rouge permanent.</font></div>";;4939031072,imprimes,renault,rnet,net;;;;etiquette-adhesive-permanent-rouge-lot-de-50;;;;;;;http://ciscar.local/export/img/imprimes/4939031072.jpg;0;;0;new;0;0;0;0;0;0;0;0
;1;ETIQUETTE ADHESIVE O.T.S - LOT DE 100;Accueil,Imprimés Renault,Après-Vente;15,36;0;15,36;0;;;;;4939031079;;;;;;;;;;;;1;both;;;;;;4939031079,imprimes,renault,rnet,net;;;;etiquette-adhesive-ots-lot-de-100;;;;;;;http://ciscar.local/export/img/imprimes/4939031079.jpg;0;;0;new;0;0;0;0;0;0;0;0
;1;ETIQUETTE ADHESIVE HORS CHAINE ETALONNAGE - LOT DE 100;Accueil,Imprimés Renault,Après-Vente;21,74;0;21,74;0;;;;;4939031082;;;;;;;;;;;;1;both;;;;"<div><font size=2 color=""#333333"">Format : 25 mm x 25 mm.</font></div>";;4939031082,imprimes,renault,rnet,net;;;;etiquette-adhesive-hors-chaine-etalonnage-lot-de-100;;;;;;;http://ciscar.local/export/img/imprimes/4939031082.jpg;0;;0;new;0;0;0;0;0;0;0;0
;1;ETIQUETTE ADHESI.CONT.UTILISATEUR - LOT DE 100;Accueil,Imprimés Renault,Après-Vente;15,18;0;15,18;0;;;;;4939031083;;;;;;;;;;;;1;both;;;;"<div><font size=2 color=""#333333"">Numéro sous contrôle utilisateur.</font></div><div><font size=2 color=""#333333"">Format : 150 mm x 150 mm.</font></div><div><font size=2 color=""#333333"">4 planches de 25 étiquettes.</font></div>";;4939031083,imprimes,renault,rnet,net;;;;etiquette-adhesicontutilisateur-lot-de-100;;;;;;;http://ciscar.local/export/img/imprimes/4939031083.jpg;0;;0;new;0;0;0;0;0;0;0;0
;1;ETIQUETTE ADH. ETAL. VERIFICATION - LOT DE 100;Accueil,Imprimés Renault,Après-Vente;22,26;0;22,26;0;;;;;4939031084;;;;;;;;;;;;1;both;;;;;;4939031084,imprimes,renault,rnet,net;;;;etiquette-adh-etal-verification-lot-de-100;;;;;;;http://ciscar.local/export/img/imprimes/4939031084.jpg;0;;0;new;0;0;0;0;0;0;0;0
;1;FICHE PLANNING CONTREMARQUE - LOT DE 400;Accueil,Imprimés Renault,VN;10,31;0;10,31;0;;;;;4939033028;;;;;;;;;;;;1;both;;;;"<div><font size=2 color=""#333333"">Format : 60 mm x 85 mm</font></div>";;4939033028,imprimes,renault,rnet,net;;;;fiche-planning-contremarque-lot-de-400;;;;;;;http://ciscar.local/export/img/imprimes/4939033028.jpg;0;;0;new;0;0;0;0;0;0;0;0
;1;ROULEAU RUBAN ADHESIF PERMANENT PVC;Accueil,Imprimés Renault,Après-Vente;7,59;0;7,59;0;;;;;4939033060;;;;;;;;;;;;1;both;;;;"<div><font size=2 color=""#333333"">Format : 30 x 100 mètre linéaire</font></div>";;4939033060,imprimes,renault,rnet,net;;;;rouleau-ruban-adhesif-permanent-pvc;;;;;;;http://ciscar.local/export/img/imprimes/4939033060.jpg;0;;0;new;0;0;0;0;0;0;0;0
;1;FEUILLE DE COMMANDE FAX RESEAU A4 - LOT DE 100;Accueil,Imprimés Renault,Après-Vente;2,54;0;2,54;0;;;;;4939033066;;;;;;;;;;;;1;both;;;;;;4939033066,imprimes,renault,rnet,net;;;;feuille-de-commande-fax-reseau-a4-lot-de-100;;;;;;;http://ciscar.local/export/img/imprimes/4939033066.jpg;0;;0;new;0;0;0;0;0;0;0;0
;1;TABLEAU DES RELEVES DES STOCKS - LOT DE 50;Accueil,Imprimés Renault,Après-Vente;53,82;0;53,82;0;;;;;4939033074;;;;;;;;;;;;1;both;;;;"<div><font size=2 color=""#333333"">Format : 64,8 x 100 mm</font></div>";;4939033074,imprimes,renault,rnet,net;;;;tableau-des-releves-des-stocks-lot-de-50;;;;;;;http://ciscar.local/export/img/imprimes/4939033074.jpg;0;;0;new;0;0;0;0;0;0;0;0
;1;PRE-CONTROLE TECHNIQUE- LOT DE 50;Accueil,Imprimés Renault,Après-Vente;5,05;0;5,05;0;;;;;4939033077;;;;;;;;;;;;1;both;;;;"<div><font size=2 color=""#333333"">Format : 210 mm x 312 mm.</font></div><div><font size=2 color=""#333333"">Carnet de 50 liasses de 2 feuillets autocopiant.</font></div>";;4939033077,imprimes,renault,rnet,net;;;;pre-controle-technique-lot-de-50;;;;;;;http://ciscar.local/export/img/imprimes/4939033077.jpg;0;;0;new;0;0;0;0;0;0;0;0
;1;BORDEREAU GARANTIE - LOT DE 100;Accueil,Imprimés Renault,Après-Vente;9,25;0;9,25;0;;;;;4939033102;;;;;;;;;;;;1;both;;;;"<div><font size=2 color=""#333333"">Bordereau de recours agent.</font></div><div><font size=2 color=""#333333"">Format : 210 x 297 mm.</font></div>";;4939033102,imprimes,renault,rnet,net;;;;bordereau-garantie-lot-de-100;;;;;;;http://ciscar.local/export/img/imprimes/4939033102.jpg;0;;0;new;0;0;0;0;0;0;0;0
;1;FICHE ROUGE V.C. - LOT DE 185;Accueil,Imprimés Renault,VO;36,29;0;36,29;0;;;;;4939033127;;;;;;;;;;;;1;both;;;;"<div><font size=2 color=""#333333"">Format : 60 mm x 85 mm</font></div>";;4939033127,imprimes,renault,rnet,net;;;;fiche-rouge-vc-lot-de-185;;;;;;;http://ciscar.local/export/img/imprimes/4939033127.jpg;0;;0;new;0;0;0;0;0;0;0;0
;1;CHECK LIST CARROSSERIE- LOT DE 100;Accueil,Imprimés Renault,Après-Vente;3,09;0;3,09;0;;;;;4939033133;;;;;;;;;;;;1;both;;;;"<div><font size=2 color=""#333333"">FICHE DE CONTRÔLE CARROSSERIE.</font></div><div><font size=2 color=""#333333"">Format : 210 mm x 297 mm</font></div>";;4939033133,imprimes,renault,rnet,net;;;;check-list-carrosserie-lot-de-100;;;;;;;http://ciscar.local/export/img/imprimes/4939033133.jpg;0;;0;new;0;0;0;0;0;0;0;0
;1;CARNET RENAULT ASSISTANCE;Accueil,Imprimés Renault,Après-Vente;6,97;0;6,97;0;;;;;4939033158;;;;;;;;;;;;1;both;;;;"<div><font size=2 color=""#333333"">Format ouvert : 21,4 x 23,5 cm.</font></div><div><font size=2 color=""#333333"">Carnet avec support carton.</font></div>";;4939033158,imprimes,renault,rnet,net;;;;carnet-renault-assistance;;;;;;;http://ciscar.local/export/img/imprimes/4939033158.jpg;0;;0;new;0;0;0;0;0;0;0;0
;1;POCHETTE ATELIER EN COURS GRISE - LOT DE 50;Accueil,Imprimés Renault,Après-Vente;39,22;0;39,22;0;;;;;4939033159;;;;;;;;;;;;1;both;;;;"<div><font size=2 color=""#333333"">Format : 320 x 230 mm</font></div>";;4939033159,imprimes,renault,rnet,net;;;;pochette-atelier-en-cours-grise-lot-de-50;;;;;;;http://ciscar.local/export/img/imprimes/4939033159.jpg;0;;0;new;0;0;0;0;0;0;0;0
;1;CHEMISE FACTURE RENAULT - LOT DE100;Accueil,Imprimés Renault,Après-Vente;10,63;0;10,63;0;;;;;4939033161;;;;;;;;;;;;1;both;;;;"<div><font size=2 color=""#333333"">Format ouvert : 450 mm x 225 mm.</font></div><div><font size=2 color=""#333333"">Format fermé : 215 mm x 155 mm.</font></div>";;4939033161,imprimes,renault,rnet,net;;;;chemise-facture-renault-lot-de100;;;;;;;http://ciscar.local/export/img/imprimes/4939033161.jpg;0;;0;new;0;0;0;0;0;0;0;0
;1;FICHE DE MISSION - LOT DE 100;Accueil,Imprimés Renault,Après-Vente;1,73;0;1,73;0;;;;;4939033162;;;;;;;;;;;;1;both;;;;"<div><font size=2 color=""#333333"">Format : 100 mm x 135 mm</font></div>";;4939033162,imprimes,renault,rnet,net;;;;fiche-de-mission-lot-de-100;;;;;;;http://ciscar.local/export/img/imprimes/4939033162.jpg;0;;0;new;0;0;0;0;0;0;0;0
;1;REGISTRE DE POLICE V.O.;Accueil,Imprimés Renault,VO;24,22;0;24,22;0;;;;;4939033176;;;;;;;;;;;;1;both;;;;"<div><font size=2 color=""#333333"">Format : 320 x 240 mm (à l italienne).</font></div><div><font size=2 color=""#333333"">164 pages</font></div>";;4939033176,imprimes,renault,rnet,net;;;;registre-de-police-vo;;;;;;;http://ciscar.local/export/img/imprimes/4939033176.jpg;0;;0;new;0;0;0;0;0;0;0;0
;1;ETIQUETTE ENTRETIEN REVISION - LOT DE 100;Accueil,Imprimés Renault,Après-Vente;0,51;0;0,51;0;;;;;4939033181;;;;;;;;;;;;1;both;;;;"<div><font size=2 color=""#333333"">Format : 85 mm x 122 mm</font></div>";;4939033181,imprimes,renault,rnet,net;;;;etiquette-entretien-revision-lot-de-100;;;;;;;http://ciscar.local/export/img/imprimes/4939033181.jpg;0;;0;new;0;0;0;0;0;0;0;0
;1;LE CERTIFICAT CONTROLE DE VOTR VEHICULE - LOT DE 100;Accueil,Imprimés Renault,Après-Vente;8,93;0;8,93;0;;;;;4939033192;;;;;;;;;;;;1;both;;;;"<div><font size=2 color=""#333333"">Format : 216 mm x 320 mm.</font></div><div><font size=2 color=""#333333"">Liasses de 4 feuillets.</font></div>";;4939033192,imprimes,renault,rnet,net;;;;le-certificat-controle-de-votr-vehicule-lot-de-100;;;;;;;http://ciscar.local/export/img/imprimes/4939033192.jpg;0;;0;new;0;0;0;0;0;0;0;0
;1;BON COMMANDE PIECES RECHANGE - LOT DE 100;Accueil,Imprimés Renault,Après-Vente;44,99;0;44,99;0;;;;;4939033194;;;;;;;;;;;;1;both;;;;"<div><font size=2 color=""#333333"">Format : 210 mm x 297 mm</font></div>";;4939033194,imprimes,renault,rnet,net;;;;bon-commande-pieces-rechange-lot-de-100;;;;;;;http://ciscar.local/export/img/imprimes/4939033194.jpg;0;;0;new;0;0;0;0;0;0;0;0
;1;FACTURE ET O.R. AGENT - LOT de 500;Accueil,Imprimés Renault,Après-Vente;4,91;0;4,91;0;;;;;4939033223;;;;;;;;;;;;1;both;;;;"<div><font size=2 color=""#333333"">Format : 210 mm x 297 mm</font></div>";;4939033223,imprimes,renault,rnet,net;;;;facture-et-or-agent-lot-de-500;;;;;;;http://ciscar.local/export/img/imprimes/4939033223.jpg;0;;0;new;0;0;0;0;0;0;0;0
;1;PLANCHE 12 ETIQUETTES ADHESIVES OR - LOT DE 5;Accueil,Imprimés Renault,VO;8,78;0;8,78;0;;;;;4939033270;;;;;;;;;;;;1;both;;;;"<div><font size=2 color=""#333333"">5 planches de 12 étiquettes jaunes.</font></div><div><font size=2 color=""#333333"">Format de l'étiquette : 70 x 70 mm.</font></div>";;4939033270,imprimes,renault,rnet,net;;;;planche-12-etiquettes-adhesives-or-lot-de-5;;;;;;;http://ciscar.local/export/img/imprimes/4939033270.jpg;0;;0;new;0;0;0;0;0;0;0;0
;1;PLANCHE 12 ETIQUETTES ADHESIVES CASSE - LOT DE 5;Accueil,Imprimés Renault,VO;13,83;0;13,83;0;;;;;4939033271;;;;;;;;;;;;1;both;;;;"<div><font size=2 color=""#333333"">5 planches de 12 étiquettes rouges.</font></div><div><font size=2 color=""#333333"">Format de l'étiquette : 70 x 70 mm.</font></div>";;4939033271,imprimes,renault,rnet,net;;;;planche-12-etiquettes-adhesives-casse-lot-de-5;;;;;;;http://ciscar.local/export/img/imprimes/4939033271.jpg;0;;0;new;0;0;0;0;0;0;0;0
;1;PLANCHE 12 ETIQUETTES ADHESIVES MARCHAND - LOT DE 5;Accueil,Imprimés Renault,VO;5,51;0;5,51;0;;;;;4939033272;;;;;;;;;;;;1;both;;;;"<div><font size=2 color=""#333333"">5 planches de 12 étiquettes bleues.</font></div><div><font size=2 color=""#333333"">Format de l'étiquette : 70 x 70 mm.</font></div>";;4939033272,imprimes,renault,rnet,net;;;;planche-12-etiquettes-adhesives-marchand-lot-de-5;;;;;;;http://ciscar.local/export/img/imprimes/4939033272.jpg;0;;0;new;0;0;0;0;0;0;0;0
;1;ETIQUETTE ADHESIVE VENDU - LOT DE 30;Accueil,Imprimés Renault,VO;1,49;0;1,49;0;;;;;4939033276;;;;;;;;;;;;1;both;;;;"<div><font size=2 color=""#333333"">Format : 120 x 80 mm.</font></div>";;4939033276,imprimes,renault,rnet,net;;;;etiquette-adhesive-vendu-lot-de-30;;;;;;;http://ciscar.local/export/img/imprimes/4939033276.jpg;0;;0;new;0;0;0;0;0;0;0;0
;1;CONTRAT LOCATION REMPLACEMENT - LOT DE 100;Accueil,Imprimés Renault,Après-Vente;10,90;0;10,90;0;;;;;4939033283;;;;;;;;;;;;1;both;;;;"<div><font size=2 color=""#333333"">Format : 210 x 300 mm.</font></div>";;4939033283,imprimes,renault,rnet,net;;;;contrat-location-remplacement-lot-de-100;;;;;;;http://ciscar.local/export/img/imprimes/4939033283.jpg;0;;0;new;0;0;0;0;0;0;0;0
;1;ETIQUETTE ADHESIVE VEHICULE PRET A PARTIR - LOT DE 120;Accueil,Imprimés Renault,VO;40,50;0;40,50;0;;;;;4939033285;;;;;;;;;;;;1;both;;;;"<div><font size=2 color=""#333333"">VÉHICULE PRÊT À PARTIR</font></div><div><font size=2 color=""#333333"">10 planches de 12 Etiquettes.</font></div><div><font size=2 color=""#333333"">Format : 440 mm x 240 mm.</font></div>";;4939033285,imprimes,renault,rnet,net;;;;etiquette-adhesive-vehicule-pret-a-partir-lot-de-120;;;;;;;http://ciscar.local/export/img/imprimes/4939033285.jpg;0;;0;new;0;0;0;0;0;0;0;0
;1;VITROPHANIE GARANTIE OR - LOT DE 10;Accueil,Imprimés Renault,VN;4,42;0;4,42;0;;;;;4939033287;;;;;;;;;;;;1;both;;;;;;4939033287,imprimes,renault,rnet,net;;;;vitrophanie-garantie-or-lot-de-10;;;;;;;http://ciscar.local/export/img/imprimes/4939033287.jpg;0;;0;new;0;0;0;0;0;0;0;0
;1;ETIQUETTE ADHESIVE OCCASION - LOT DE 100;Accueil,Imprimés Renault,VO;18,29;0;18,29;0;;;;;4939033293;;;;;;;;;;;;1;both;;;;"<div><font size=2 color=""#333333"">Format : 110 mm x 80 mm.</font></div>";;4939033293,imprimes,renault,rnet,net;;;;etiquette-adhesive-occasion-lot-de-100;;;;;;;http://ciscar.local/export/img/imprimes/4939033293.jpg;0;;0;new;0;0;0;0;0;0;0;0
;1;CRAVATE PREPARATION VO RENAULT RENT - LOT DE 100;Accueil,Imprimés Renault,Rent;17,43;0;17,43;0;;;;;4939033297;;;;;;;;;;;;1;both;;;;"<div>Document Officiel Renault réf. : 4939 033 297</div><div><font size=2 color=""#3F3F3F"">Format fermé : 160 x 275 mm.</font></div><div><font size=2 color=""#3F3F3F"">Qualité de papier : Couché 1/2 Mat.</font></div>";;4939033297,imprimes,renault,rnet,net;;;;cravate-preparation-vo-renault-rent-lot-de-100;;;;;;;http://ciscar.local/export/img/imprimes/4939033297.jpg;0;;0;new;0;0;0;0;0;0;0;0
;1;VITROPHANIE RENAULT RENT - LOT DE 40;Accueil,Imprimés Renault,Rent;16,64;0;16,64;0;;;;;4939033298;;;;;;;;;;;;1;both;;;;"<div><font size=2 color=""#333333"">Format : 14,5 x 5,4 cm.</font></div><div><font size=2 color=""#333333"">Couleur blanche.</font></div>";;4939033298,imprimes,renault,rnet,net;;;;vitrophanie-renault-rent-lot-de-40;;;;;;;http://ciscar.local/export/img/imprimes/4939033298.jpg;0;;0;new;0;0;0;0;0;0;0;0
;1;POCHETTE VEHICULE LOCATION RENAULT RENT - LOT DE 10;Accueil,Imprimés Renault,Rent;47,35;0;47,35;0;;;;;4939033302;;;;;;;;;;;;1;both;;;;"<div><font size=2 color=""#333333"">Format ouvert : 240 x 245 mm.</font></div><div><font size=2 color=""#333333"">Format fermé : 240 x 165 mm.</font></div>";;4939033302,imprimes,renault,rnet,net;;;;pochette-vehicule-location-renault-rent-lot-de-10;;;;;;;http://ciscar.local/export/img/imprimes/4939033302.jpg;0;;0;new;0;0;0;0;0;0;0;0
;1;SUPPORT TARIFS HORAIRES - LOT DE 4;Accueil,Imprimés Renault,Après-Vente;49,68;0;49,68;0;;;;;4939033309;;;;;;;;;;;;1;both;;;;;;4939033309,imprimes,renault,rnet,net;;;;support-tarifs-horaires-lot-de-4;;;;;;;http://ciscar.local/export/img/imprimes/4939033309.jpg;0;;0;new;0;0;0;0;0;0;0;0
;1;CARTE DE VISITE RENAULT RENT - LOT DE 100;Accueil,Imprimés Renault,Rent;11,74;0;11,74;0;;;;;4939033310;;;;;;;;;;;;1;both;;;;"<div><font size=2 color=""#333333"">Format : 5 x 9 cm.</font></div><div><font size=2 color=""#333333"">Grammage : 250g.</font></div>";;4939033310,imprimes,renault,rnet,net;;;;carte-de-visite-renault-rent-lot-de-100;;;;;;;http://ciscar.local/export/img/imprimes/4939033310.jpg;0;;0;new;0;0;0;0;0;0;0;0
;1;PORTE-CLES RENAULT RENT - LOT DE 20;Accueil,Imprimés Renault,Rent;21,86;0;21,86;0;;;;;4939033318;;;;;;;;;;;;1;both;;;;"<div><font size=2 color=""#333333"">Format : 65 x 35 mm.</font></div>";;4939033318,imprimes,renault,rnet,net;;;;porte-cles-renault-rent-lot-de-20;;;;;;;http://ciscar.local/export/img/imprimes/4939033318.jpg;0;;0;new;0;0;0;0;0;0;0;0
;1;CONTRATS LOCATION RRS RENAULT RENT - LOT DE 500;Accueil,Imprimés Renault,Rent;13,66;0;13,66;0;;;;;4939033320;;;;;;;;;;;;1;both;;;;"<div><font size=2 color=""#333333"">Format A4, recto/verso, avec les conditions générales de location de véhicules.</font></div><div><font size=2 color=""#333333"">Papier non autocopiant.</font></div>";;4939033320,imprimes,renault,rnet,net;;;;contrats-location-rrs-renault-rent-lot-de-500;;;;;;;http://ciscar.local/export/img/imprimes/4939033320.jpg;0;;0;new;0;0;0;0;0;0;0;0
;1;CGV RENT PLUS - LOT DE 10 ;Accueil,Imprimés Renault,Rent;13,29;0;13,29;0;;;;;4939033322;;;;;;;;;;;;1;both;;;;"<div><font size=2 color=""#333333"">Format ouvert : 420 x 297 mm.</font></div><div><font size=2 color=""#333333"">Format fermé : 210 x 297 mm.</font></div>";;4939033322,imprimes,renault,rnet,net;;;;cgv-rent-plus-lot-de-10-;;;;;;;http://ciscar.local/export/img/imprimes/4939033322.jpg;0;;0;new;0;0;0;0;0;0;0;0
;1;VIGNETTE ASSURANCE RENAULT RENT- LOT DE 100;Accueil,Imprimés Renault,Rent;154,56;0;154,56;0;;;;;4939033323;;;;;;;;;;;;1;both;;;;"<div><font size=2 color=""#333333"">Format fermé : 58 x 80 mm.</font></div><div><font size=2 color=""#333333"">Pochettes adhésives.</font></div>";;4939033323,imprimes,renault,rnet,net;;;;vignette-assurance-renault-rent-lot-de-100;;;;;;;http://ciscar.local/export/img/imprimes/4939033323.jpg;0;;0;new;0;0;0;0;0;0;0;0
;1;STICKER VEHICULE UTILITAIRE RENAULT RENT - LOT DE 6;Accueil,Imprimés Renault,Rent;34,82;0;34,82;0;;;;;4939033324;;;;;;;;;;;;1;both;;;;;;4939033324,imprimes,renault,rnet,net;;;;sticker-vehicule-utilitaire-renault-rent-lot-de-6;;;;;;;http://ciscar.local/export/img/imprimes/4939033324.jpg;0;;0;new;0;0;0;0;0;0;0;0
;1;FICHE ETAT VEHICULE REMPLACEMENT - LOT DE 50;Accueil,Imprimés Renault,Après-Vente;4,80;0;4,80;0;;;;;4939033325;;;;;;;;;;;;1;both;;;;"<div><font size=2 color=""#333333"">Format : 21 x 29,7 cm.</font></div><div><font size=2 color=""#333333"">Autocopiant</font></div>";;4939033325,imprimes,renault,rnet,net;;;;fiche-etat-vehicule-remplacement-lot-de-50;;;;;;;http://ciscar.local/export/img/imprimes/4939033325.jpg;0;;0;new;0;0;0;0;0;0;0;0
;1;CGL VEHICULES RENAULT RENT- LOT DE 100;Accueil,Imprimés Renault,Rent;2,94;0;2,94;0;;;;;4939033327;;;;;;;;;;;;1;both;;;;"<div><font size=2 color=""#333333"">Format : 21 x 29,7 cm.</font></div>";;4939033327,imprimes,renault,rnet,net;;;;cgl-vehicules-renault-rent-lot-de-100;;;;;;;http://ciscar.local/export/img/imprimes/4939033327.jpg;0;;0;new;0;0;0;0;0;0;0;0
;1;TARIF RENAULT RENT VP/VU - LOT DE 50;Accueil,Imprimés Renault,Rent;3,73;0;3,73;0;;;;;4939033335;;;;;;;;;;;;1;both;;;;"<div><font size=2 color=""#333333"">Format ouvert : 21 x 29,7 cm.</font></div><div><font size=2 color=""#333333"">Format fermé : 10 x 21 cm.</font></div>";;4939033335,imprimes,renault,rnet,net;;;;tarif-renault-rent-vpvu-lot-de-50;;;;;;;http://ciscar.local/export/img/imprimes/4939033335.jpg;0;;0;new;0;0;0;0;0;0;0;0
;1;FICHE VO DIVERS COULEURS - LOT DE 600;Accueil,Imprimés Renault,VO;18,84;0;18,84;0;;;;;4939033353;;;;;;;;;;;;1;both;;;;"<div><font size=2 color=""#333333"">Format : 60 mm x 85 mm.</font></div><div><font size=2 color=""#333333"">En 6 séries de 100 : &nbsp;Orange-Ficelle-Bulle-Rose-Canari-Gris</font></div>";;4939033353,imprimes,renault,rnet,net;;;;fiche-vo-divers-couleurs-lot-de-600;;;;;;;http://ciscar.local/export/img/imprimes/4939033353.jpg;0;;0;new;0;0;0;0;0;0;0;0
;1;FICHE VO DIVERS COULEURS - LOT DE 600;Accueil,Imprimés Renault,VO;20,84;0;20,84;0;;;;;4939033354;;;;;;;;;;;;1;both;;;;"<div><font size=2 color=""#333333"">Format : 60 mm x 85 mm.</font></div><div><font size=2 color=""#333333"">En 6 séries de 100 : Vert Vif-Infra Violet-Vert-Lilas-Bleu Clair</font></div>";;4939033354,imprimes,renault,rnet,net;;;;fiche-vo-divers-couleurs-lot-de-600;;;;;;;http://ciscar.local/export/img/imprimes/4939033354.jpg;0;;0;new;0;0;0;0;0;0;0;0
;1;APV SUPPORT CLES CARTE - LOT DE 5;Accueil,Imprimés Renault,Après-Vente;8,83;0;8,83;0;;;;;4939033410;;;;;;;;;;;;1;both;;;;"<div><font size=2 color=""#333333"">Format : 75 x 115 mm.</font></div>";;4939033410,imprimes,renault,rnet,net;;;;apv-support-cles-carte-lot-de-5;;;;;;;http://ciscar.local/export/img/imprimes/4939033410.jpg;0;;0;new;0;0;0;0;0;0;0;0
;1;OR RENAULT MINUTE CARROSSERIE - LOT DE 100;Accueil,Imprimés Renault,Après-Vente;16,42;0;16,42;0;;;;;4939033650;;;;;;;;;;;;1;both;;;;"<div><font size=2 color=""#333333"">Format : 216 x 320 mm.</font></div>";;4939033650,imprimes,renault,rnet,net;;;;or-renault-minute-carrosserie-lot-de-100;;;;;;;http://ciscar.local/export/img/imprimes/4939033650.jpg;0;;0;new;0;0;0;0;0;0;0;0
;1;ORDRE DE MISSION - LOT DE 25;Accueil,Imprimés Renault,Divers;2,39;0;2,39;0;;;;;4939034070;;;;;;;;;;;;1;both;;;;"<div><font size=2 color=""#333333"">Format : 21 x 29,7 cm.</font></div><div><font size=2 color=""#333333"">Autocopiant 3 feuillets</font></div>";;4939034070,imprimes,renault,rnet,net;;;;ordre-de-mission-lot-de-25;;;;;;;http://ciscar.local/export/img/imprimes/4939034070.jpg;0;;0;new;0;0;0;0;0;0;0;0
;1;CONSTAT AMIABLE D'ACCIDENT AUTO - LOT DE 250;Accueil,Imprimés Renault,Divers;53,48;0;53,48;0;;;;;4939035055;;;;;;;;;;;;1;both;;;;"<div><font size=2 color=""#333333"">Format : 210 mm x 297 mm.</font></div><div><font size=2 color=""#333333"">Liasse de 4 feuillets.</font></div>";;4939035055,imprimes,renault,rnet,net;;;;constat-amiable-daccident-auto-lot-de-250;;;;;;;http://ciscar.local/export/img/imprimes/4939035055.jpg;0;;0;new;0;0;0;0;0;0;0;0
;1;BORDEREAU RECLAM./CONFIRM. LITIGE - LOT DE 25;Accueil,Imprimés Renault,Après-Vente;5,11;0;5,11;0;;;;;4939040115;;;;;;;;;;;;1;both;;;;"<div><font size=2 color=""#333333"">Format : 21 x 29,7 cm.</font></div>";;4939040115,imprimes,renault,rnet,net;;;;bordereau-reclamconfirm-litige-lot-de-25;;;;;;;http://ciscar.local/export/img/imprimes/4939040115.jpg;0;;0;new;0;0;0;0;0;0;0;0
;1;BORDEREAU RETOUR PIECES GARANTIE - LOT DE 25;Accueil,Imprimés Renault,Après-Vente;5,31;0;5,31;0;;;;;4939040140;;;;;;;;;;;;1;both;;;;"<div><font size=2 color=""#333333"">Format : 21 x 29,7 cm.</font></div>";;4939040140,imprimes,renault,rnet,net;;;;bordereau-retour-pieces-garantie-lot-de-25;;;;;;;http://ciscar.local/export/img/imprimes/4939040140.jpg;0;;0;new;0;0;0;0;0;0;0;0
;1;BORDEREAU REPRISE MOTEURS - LOT DE 25;Accueil,Imprimés Renault,Après-Vente;5,48;0;5,48;0;;;;;4939040145;;;;;;;;;;;;1;both;;;;"<div><font size=2 color=""#333333"">Format : 21 x 29,7 cm.</font></div><div><font size=2 color=""#333333"">Autocopiant</font></div>";;4939040145,imprimes,renault,rnet,net;;;;bordereau-reprise-moteurs-lot-de-25;;;;;;;http://ciscar.local/export/img/imprimes/4939040145.jpg;0;;0;new;0;0;0;0;0;0;0;0
;1;BORDEREAU REPRISE PIECES - LOT DE 25;Accueil,Imprimés Renault,Après-Vente;3,73;0;3,73;0;;;;;4939040155;;;;;;;;;;;;1;both;;;;"<div><font size=2 color=""#333333"">Format : 21 x 29,7 cm.</font></div><div><font size=2 color=""#333333"">Autocopiant</font></div>";;4939040155,imprimes,renault,rnet,net;;;;bordereau-reprise-pieces-lot-de-25;;;;;;;http://ciscar.local/export/img/imprimes/4939040155.jpg;0;;0;new;0;0;0;0;0;0;0;0
;1;BORDEREAU REPRISE BOITE VITESSE - LOT DE 25;Accueil,Imprimés Renault,Après-Vente;9,00;0;9,00;0;;;;;4939040165;;;;;;;;;;;;1;both;;;;"<div><font size=2 color=""#333333"">Format : 21 x 29,7 cm</font></div><div><font size=2 color=""#333333"">5 feuillets autocopiant (1 bleu / 3 jaunes / 1 rose)</font></div>";;4939040165,imprimes,renault,rnet,net;;;;bordereau-reprise-boite-vitesse-lot-de-25;;;;;;;http://ciscar.local/export/img/imprimes/4939040165.jpg;0;;0;new;0;0;0;0;0;0;0;0
;1;FICHE EVALUATION - LOT DE 100;Accueil,Imprimés Renault,VO;2,97;0;2,97;0;;;;;4939041555;;;;;;;;;;;;1;both;;;;"<div><font size=2 color=""#333333"">Format : 21 x 29,7 cm.</font></div>";;4939041555,imprimes,renault,rnet,net;;;;fiche-evaluation-lot-de-100;;;;;;;http://ciscar.local/export/img/imprimes/4939041555.jpg;0;;0;new;0;0;0;0;0;0;0;0
;1;CERTIFICATION ORIGINE MECANIQUE RENAULT - LOT DE 50;Accueil,Imprimés Renault,VO;4,53;0;4,53;0;;;;;4939041571;;;;;;;;;;;;1;both;;;;"<div><font size=2 color=""#333333"">Format : 21 x 29,7 cm.</font></div>";;4939041571,imprimes,renault,rnet,net;;;;certification-origine-mecanique-renault-lot-de-50;;;;;;;http://ciscar.local/export/img/imprimes/4939041571.jpg;0;;0;new;0;0;0;0;0;0;0;0
;1;CERTIFICATION ORIGINE MECANIQUE DACIA - LOT DE 30;Accueil,Imprimés Renault,VO;11,27;0;11,27;0;;;;;4939041572;;;;;;;;;;;;1;both;;;;"<div><font size=2 color=""#333333"">Format : 21 x 29,7 cm.</font></div>";;4939041572,imprimes,renault,rnet,net;;;;certification-origine-mecanique-dacia-lot-de-30;;;;;;;http://ciscar.local/export/img/imprimes/4939041572.jpg;0;;0;new;0;0;0;0;0;0;0;0
;1;RUBAN ADHESIF ULTRA FORT 100M;Accueil,Imprimés Renault,Après-Vente;8,56;0;8,56;0;;;;;4939041580;;;;;;;;;;;;1;both;;;;"<div><font size=2 color=""#333333"">Format : 50 x 100 mètre linéaire.</font></div>";;4939041580,imprimes,renault,rnet,net;;;;ruban-adhesif-ultra-fort-100m;;;;;;;http://ciscar.local/export/img/imprimes/4939041580.jpg;0;;0;new;0;0;0;0;0;0;0;0
;1;CAHIER STAGE DE FORMATION;Accueil,Imprimés Renault,Après-Vente;0,37;0;0,37;0;;;;;4939041606;;;;;;;;;;;;1;both;;;;"<div><font size=2 color=""#333333"">Format fermé : 210 mm x 297 mm.</font></div><div><font size=2 color=""#333333"">1 page de couverture et 12 pages intérieures.</font></div>";;4939041606,imprimes,renault,rnet,net;;;;cahier-stage-de-formation;;;;;;;http://ciscar.local/export/img/imprimes/4939041606.jpg;0;;0;new;0;0;0;0;0;0;0;0
;1;REMISE EN ETAT VO - LOT DE 50;Accueil,Imprimés Renault,VO;14,08;0;14,08;0;;;;;4939042023;;;;;;;;;;;;1;both;;;;"<div><font size=2 color=""#333333"">Chemise à rabat.</font></div><div><font size=2 color=""#333333"">Format ouvert : 500 mm x 385 mm.</font></div><div><font size=2 color=""#333333"">Format fermé : 223 mm x 315 mm.</font></div>";;4939042023,imprimes,renault,rnet,net;;;;remise-en-etat-vo-lot-de-50;;;;;;;http://ciscar.local/export/img/imprimes/4939042023.jpg;0;;0;new;0;0;0;0;0;0;0;0
;1;PLANNING PRISE DE RDV;Accueil,Imprimés Renault,VN;9,59;0;9,59;0;;;;;4939042025;;;;;;;;;;;;1;both;;;;"<div><font size=2 color=""#333333"">Format fermé : 297 mm x 210 mm.</font></div><div><font size=2 color=""#333333"">4 pages de couverture 56 pages intérieures.</font></div><div><font size=2 color=""#333333"">Relié à gauche par une spirale";;4939042025,imprimes,renault,rnet,net;;;;planning-prise-de-rdv;;;;;;;http://ciscar.local/export/img/imprimes/4939042025.jpg;0;;0;new;0;0;0;0;0;0;0;0
;1;PORTE-VIGNETTE ASSURANCE RENAULT ASSISTANCE - LOT DE 100;Accueil,Imprimés Renault,Après-Vente;16,00;0;16,00;0;;;;;4939042113;;;;;;;;;;;;1;both;;;;"<div><font size=2 color=""#333333"">Format : 59 x 80 mm.</font></div>";;4939042113,imprimes,renault,rnet,net;;;;porte-vignette-assurance-renault-assistance-lot-de-100;;;;;;;http://ciscar.local/export/img/imprimes/4939042113.jpg;0;;0;new;0;0;0;0;0;0;0;0
;1;VOTRE PARE-BRISE GARANTI A VIE - LOT DE 250;Accueil,Imprimés Renault,Après-Vente;27,71;0;27,71;0;;;;;4939042115;;;;;;;;;;;;1;both;;;;;;4939042115,imprimes,renault,rnet,net;;;;votre-pare-brise-garanti-a-vie-lot-de-250;;;;;;;http://ciscar.local/export/img/imprimes/4939042115.jpg;0;;0;new;0;0;0;0;0;0;0;0
;1;PORTE-VIGNETTE ASSURANCE DACIA - LOT DE 100;Accueil,Imprimés Renault,Après-Vente;41,26;0;41,26;0;;;;;4939042119;;;;;;;;;;;;1;both;;;;"<div><font size=2 color=""#333333"">Format : 59 x 80 mm.</font></div>";;4939042119,imprimes,renault,rnet,net;;;;porte-vignette-assurance-dacia-lot-de-100;;;;;;;http://ciscar.local/export/img/imprimes/4939042119.jpg;0;;0;new;0;0;0;0;0;0;0;0
;1;DOSSIER D'EMBAUCHE RENAULT RETAIL GROUP - LOT DE 25;Accueil,Imprimés Renault,Divers;40,96;0;40,96;0;;;;;4939042205;;;;;;;;;;;;1;both;;;;"<div><font size=2 color=""#333333"">Format ouvert : 36,5 x 50,5 cm.</font></div><div><font size=2 color=""#333333"">Format fermé : 22 x 30,5 cm.</font></div>";;4939042205,imprimes,renault,rnet,net;;;;dossier-dembauche-renault-retail-group-lot-de-25;;;;;;;http://ciscar.local/export/img/imprimes/4939042205.jpg;0;;0;new;0;0;0;0;0;0;0;0
;1;DOSSIER CANDIDATURE RETAIL GROUP - LOT DE 50;Accueil,Imprimés Renault,Divers;7,36;0;7,36;0;;;;;4939042206;;;;;;;;;;;;1;both;;;;<div><font size=2>Format ouvert : 420 x 297 mm</font></div><div><font size=2>Format fermé : 210 x 297 mm</font></div><div><font size=2>170 g</font></div>;;4939042206,imprimes,renault,rnet,net;;;;dossier-candidature-retail-group-lot-de-50;;;;;;;http://ciscar.local/export/img/imprimes/4939042206.jpg;0;;0;new;0;0;0;0;0;0;0;0
;1;ENVEL. 475X605 PVC BLANC RENAULT - LOT DE 100;Accueil,Imprimés Renault,Divers;54,92;0;54,92;0;;;;;4939121020;;;;;;;;;;;;1;both;;;;;;4939121020,imprimes,renault,rnet,net;;;;envel-475x605-pvc-blanc-renault-lot-de-100;;;;;;;http://ciscar.local/export/img/imprimes/4939121020.jpg;0;;0;new;0;0;0;0;0;0;0;0
;1;POCHETTE LETTRE 330X260 RRG - LOT DE 100;Accueil,Imprimés Renault,Divers;7,49;0;7,49;0;;;;;4939121557;;;;;;;;;;;;1;both;;;;"<div><font size=2 color=""#333333"">Format : 330 x 260 mm.</font></div><div><font size=2 color=""#333333"">Papier kraft.</font></div>";;4939121557,imprimes,renault,rnet,net;;;;pochette-lettre-330x260-rrg-lot-de-100;;;;;;;http://ciscar.local/export/img/imprimes/4939121557.jpg;0;;0;new;0;0;0;0;0;0;0;0
;1;POCHETTE A SOUFFLET 29X33 RRG - LOT DE 200;Accueil,Imprimés Renault,Divers;36,27;0;36,27;0;;;;;4939121560;;;;;;;;;;;;1;both;;;;"<div><font size=2 color=""#333333"">Format : 330 x 290, soufflet de 40 mm.</font></div><div><font size=2 color=""#333333"">Papier kraft.</font></div>";;4939121560,imprimes,renault,rnet,net;;;;pochette-a-soufflet-29x33-rrg-lot-de-200;;;;;;;http://ciscar.local/export/img/imprimes/4939121560.jpg;0;;0;new;0;0;0;0;0;0;0;0
;1;POCHETTE LETTRE 280X190 RRG - LOT DE 100;Accueil,Imprimés Renault,Divers;5,66;0;5,66;0;;;;;4939121577;;;;;;;;;;;;1;both;;;;"<div><font size=2 color=""#333333"">Format : 280 x 190 mm.</font></div><div><font size=2 color=""#333333"">Papier kraft.</font></div>";;4939121577,imprimes,renault,rnet,net;;;;pochette-lettre-280x190-rrg-lot-de-100;;;;;;;http://ciscar.local/export/img/imprimes/4939121577.jpg;0;;0;new;0;0;0;0;0;0;0;0
;1;ENVELOPPE RENAULT 110X220 SF - LOT DE 100;Accueil,Imprimés Renault,Divers;3,06;0;3,06;0;;;;;4939122170;;;;;;;;;;;;1;both;;;;"<div><font size=2 color=""#333333"">Format : 110 x 220 mm.</font></div><div><font size=2 color=""#333333"">Papier blanc.</font></div>";;4939122170,imprimes,renault,rnet,net;;;;enveloppe-renault-110x220-sf-lot-de-100;;;;;;;http://ciscar.local/export/img/imprimes/4939122170.jpg;0;;0;new;0;0;0;0;0;0;0;0
;1;PORTE ETIQUETTE ENTRETIEN - LOT DE 300;Accueil,Imprimés Renault,Après-Vente;31,41;0;31,41;0;;;;;4939125580;;;;;;;;;;;;1;both;;;;"<div><font size=2 color=""#333333"">Format : 93 x 298 mm.</font></div>";;4939125580,imprimes,renault,rnet,net;;;;porte-etiquette-entretien-lot-de-300;;;;;;;http://ciscar.local/export/img/imprimes/4939125580.jpg;0;;0;new;0;0;0;0;0;0;0;0
;1;ENVELOPPE VELIN BLANC 114X229 - LOT DE 100;Accueil,Imprimés Renault,Divers;2,62;0;2,62;0;;;;;4939126160;;;;;;;;;;;;1;both;;;;"<div><font size=2 color=""#333333"">Format : 114 x 229 mm.</font></div><div><font size=2 color=""#333333"">Papier blanc.</font></div>";;4939126160,imprimes,renault,rnet,net;;;;enveloppe-velin-blanc-114x229-lot-de-100;;;;;;;http://ciscar.local/export/img/imprimes/4939126160.jpg;0;;0;new;0;0;0;0;0;0;0;0
;1;ENVELOPPE RENAULT 110X220 FENETRE - LOT DE 100;Accueil,Imprimés Renault,Divers;3,44;0;3,44;0;;;;;4939126180;;;;;;;;;;;;1;both;;;;"<div><font size=2 color=""#333333"">Format : 110 x 220 mm.</font></div><div><font size=2 color=""#333333"">Papier blanc.</font></div>";;4939126180,imprimes,renault,rnet,net;;;;enveloppe-renault-110x220-fenetre-lot-de-100;;;;;;;http://ciscar.local/export/img/imprimes/4939126180.jpg;0;;0;new;0;0;0;0;0;0;0;0
;1;ENVELOPPE 114X229 SANS FENETRE RRG - LOT DE 100;Accueil,Imprimés Renault,Divers;4,31;0;4,31;0;;;;;4939126560;;;;;;;;;;;;1;both;;;;"<div><font size=2 color=""#333333"">Format : 114 x 229 mm.</font></div><div><font size=2 color=""#333333"">Papier blanc.</font></div><div><font size=2 color=""#333333"">Sans fenêtre.</font></div>";;4939126560,imprimes,renault,rnet,net;;;;enveloppe-114x229-sans-fenetre-rrg-lot-de-100;;;;;;;http://ciscar.local/export/img/imprimes/4939126560.jpg;0;;0;new;0;0;0;0;0;0;0;0
;1;ENVELOPPE 114X229 A FENETRE RRG - LOT DE 100;Accueil,Imprimés Renault,Divers;4,08;0;4,08;0;;;;;4939126590;;;;;;;;;;;;1;both;;;;"<div><font size=2 color=""#333333"">Format : 114 x 229 mm.</font></div><div><font size=2 color=""#333333"">Papier blanc.</font></div><div><font size=2 color=""#333333"">Avec fenêtre.</font></div>";;4939126590,imprimes,renault,rnet,net;;;;enveloppe-114x229-a-fenetre-rrg-lot-de-100;;;;;;;http://ciscar.local/export/img/imprimes/4939126590.jpg;0;;0;new;0;0;0;0;0;0;0;0
;1;FICHE PLANNING BLANC GLACIER - LOT DE 75;Accueil,Imprimés Renault,VN;2,98;0;2,98;0;;;;;4939133369;;;;;;;;;;;;1;both;;;;"<div><font size=2 color=""#333333"">Format : 60 mm x 85 mm.</font></div>";;4939133369,imprimes,renault,rnet,net;;;;fiche-planning-blanc-glacier-lot-de-75;;;;;;;http://ciscar.local/export/img/imprimes/4939133369.jpg;0;;0;new;0;0;0;0;0;0;0;0
;1;PARAVENT MAGASIN-BON LIVRAISON - LOT DE 1000;Accueil,Imprimés Renault,Après-Vente;44,51;0;44,51;0;;;;;4939140658;;;;;;;;;;;;1;both;;;;"<div><font size=2 color=""#333333"">Feuilles en continu, 345 mm x 12&quot;</font></div>";;4939140658,imprimes,renault,rnet,net;;;;paravent-magasin-bon-livraison-lot-de-1000;;;;;;;http://ciscar.local/export/img/imprimes/4939140658.jpg;0;;0;new;0;0;0;0;0;0;0;0
;1;PARAVENT BON D'INVENTAIRE - LOT DE 1000;Accueil,Imprimés Renault,Après-Vente;57,55;0;57,55;0;;;;;4939140718;;;;;;;;;;;;1;both;;;;"<div><font size=2 color=""#333333"">Format : 12&quot; x 350 mm</font></div>";;4939140718,imprimes,renault,rnet,net;;;;paravent-bon-dinventaire-lot-de-1000;;;;;;;http://ciscar.local/export/img/imprimes/4939140718.jpg;0;;0;new;0;0;0;0;0;0;0;0
;1;FACTURE RENAULT EN CONTINU - LOT DE 1000;Accueil,Imprimés Renault,Après-Vente;59,75;0;59,75;0;;;;;4939140720;;;;;;;;;;;;1;both;;;;"<div><font size=2 color=""#333333"">Format : 210 x 305 mm.</font></div><div><font size=2 color=""#333333"">3 feuillets.</font></div>";;4939140720,imprimes,renault,rnet,net;;;;facture-renault-en-continu-lot-de-1000;;;;;;;http://ciscar.local/export/img/imprimes/4939140720.jpg;0;;0;new;0;0;0;0;0;0;0;0
;1;FACTURE RENAULT EN CONTINU 3EX AGENT - LOT DE 500;Accueil,Imprimés Renault,Après-Vente;57,96;0;57,96;0;;;;;4939140740;;;;;;;;;;;;1;both;;;;"<div><font size=2 color=""#333333"">Format : 240 mm x 12&quot;.</font></div><div><font size=2 color=""#333333"">3 feuillets.</font></div>";;4939140740,imprimes,renault,rnet,net;;;;facture-renault-en-continu-3ex-agent-lot-de-500;;;;;;;http://ciscar.local/export/img/imprimes/4939140740.jpg;0;;0;new;0;0;0;0;0;0;0;0
;1;FACTURE RENAULT EN CONTINU 3EX B3 - LOT DE 1000;Accueil,Imprimés Renault,Après-Vente;48,44;0;48,44;0;;;;;4939140800;;;;;;;;;;;;1;both;;;;"<div><font size=2 color=""#333333"">Format : 210 x 305 mm.</font></div><div><font size=2 color=""#333333"">3 feuillets.</font></div>";;4939140800,imprimes,renault,rnet,net;;;;facture-renault-en-continu-3ex-b3-lot-de-1000;;;;;;;http://ciscar.local/export/img/imprimes/4939140800.jpg;0;;0;new;0;0;0;0;0;0;0;0
;1;CONTRAT MANUEL RENAULT RENT RRS - LOT DE 500;Accueil,Imprimés Renault,Rent;89,70;0;89,70;0;;;;;4939213522;;;;;;;;;;;;1;both;;;;"<div><font size=2 color=""#333333"">Format : 21 x 29,7 cm.</font></div>";;4939213522,imprimes,renault,rnet,net;;;;contrat-manuel-renault-rent-rrs-lot-de-500;;;;;;;http://ciscar.local/export/img/imprimes/4939213522.jpg;0;;0;new;0;0;0;0;0;0;0;0
;1;AUTOCOPIANT A4 80G BLANC LASER - LOT DE 500;Accueil,Imprimés Renault,Après-Vente;14,53;0;14,53;0;;;;;4939330100;;;;;;;;;;;;1;both;;;;"<div><font size=2 color=""#333333"">Ramette de 500 feuilles.</font></div><div><font size=2 color=""#333333"">Format : 21x29,7 cm.</font></div><div><font size=2 color=""#333333"">80 g.</font></div>";;4939330100,imprimes,renault,rnet,net;;;;autocopiant-a4-80g-blanc-laser-lot-de-500;;;;;;;http://ciscar.local/export/img/imprimes/4939330100.jpg;0;;0;new;0;0;0;0;0;0;0;0
;1;FACTURE RETAIL A4 BLANC 80G - LOT DE 500;Accueil,Imprimés Renault,Après-Vente;4,73;0;4,73;0;;;;;4939330200;;;;;;;;;;;;1;both;;;;"<div><font size=2 color=""#333333"">Format : 21 x 29,7 cm.</font></div>";;4939330200,imprimes,renault,rnet,net;;;;facture-retail-a4-blanc-80g-lot-de-500;;;;;;;http://ciscar.local/export/img/imprimes/4939330200.jpg;0;;0;new;0;0;0;0;0;0;0;0
;1;BON COMMANDE VO NEGOCIANT - LOT DE 100;Accueil,Imprimés Renault,VO;7,11;0;7,11;0;;;;;4939333003;;;;;;;;;;;;1;both;;;;"<div><font size=2 color=""#333333"">Format : 21 x 29,7 cm.</font></div><div><font size=2 color=""#333333"">3 feuillets autocopiants.</font></div>";;4939333003,imprimes,renault,rnet,net;;;;bon-commande-vo-negociant-lot-de-100;;;;;;;http://ciscar.local/export/img/imprimes/4939333003.jpg;0;;0;new;0;0;0;0;0;0;0;0
;1;QUALITE LIVRAISON VO - LOT DE 100;Accueil,Imprimés Renault,VO;5,73;0;5,73;0;;;;;4939333007;;;;;;;;;;;;1;both;;;;"<div><font size=2 color=""#333333"">Format : 210 mm x 305 mm.</font></div><div><font size=2 color=""#333333"">2 feuillets autocopiants.</font></div>";;4939333007,imprimes,renault,rnet,net;;;;qualite-livraison-vo-lot-de-100;;;;;;;http://ciscar.local/export/img/imprimes/4939333007.jpg;0;;0;new;0;0;0;0;0;0;0;0
;1;CARNET GARANTIE 3 MOIS - LOT DE 50;Accueil,Imprimés Renault,VO;32,02;0;32,02;0;;;;;4939333008;;;;;;;;;;;;1;both;;;;"<div><font size=2 color=""#333333"">Format ouvert : 297 x 200 mm.</font></div><div><font size=2 color=""#333333"">Format fermé : 148 x 200 mm.</font></div><div><font size=2 color=""#333333"">20 pages + 4 pages de couverture.</font></div>";;4939333008,imprimes,renault,rnet,net;;;;carnet-garantie-3-mois-lot-de-50;;;;;;;http://ciscar.local/export/img/imprimes/4939333008.jpg;0;;0;new;0;0;0;0;0;0;0;0
;1;CARNET GARANTIE PRIX FUTE 6 MOIS - LOT DE 50;Accueil,Imprimés Renault,VO;13,43;0;13,43;0;;;;;4939333009;;;;;;;;;;;;1;both;;;;"<div><font size=2 color=""#333333"">Format ouvert : 297 x 200 mm.</font></div><div><font size=2 color=""#333333"">Format fermé : 148 x 200 mm.</font></div><div><font size=2 color=""#333333"">24 pages + 4 pages de couverture.</font></div>";;4939333009,imprimes,renault,rnet,net;;;;carnet-garantie-prix-fute-6-mois-lot-de-50;;;;;;;http://ciscar.local/export/img/imprimes/4939333009.jpg;0;;0;new;0;0;0;0;0;0;0;0
;1;GUIDE DEVIS PREPARATION VO - BLOC DE 50 FEUILLETS;Accueil,Imprimés Renault,VO;1,96;0;1,96;0;;;;;4939333012;;;;;;;;;;;;1;both;;;;"<div><font size=2 color=""#333333"">Format : 210 mm x 297 mm.</font></div>";;4939333012,imprimes,renault,rnet,net;;;;guide-devis-preparation-vo-bloc-de-50-feuillets;;;;;;;http://ciscar.local/export/img/imprimes/4939333012.jpg;0;;0;new;0;0;0;0;0;0;0;0
;1;CONTRAT ACHAT VO - LOT DE 100;Accueil,Imprimés Renault,VO;15,80;0;15,80;0;;;;;4939333016;;;;;;;;;;;;1;both;;;;"<div><font size=2 color=""#333333"">Format : 210 mm x 297 mm.</font></div>";;4939333016,imprimes,renault,rnet,net;;;;contrat-achat-vo-lot-de-100;;;;;;;http://ciscar.local/export/img/imprimes/4939333016.jpg;0;;0;new;0;0;0;0;0;0;0;0
;1;FICHE CONTACT VO - LOT DE 100;Accueil,Imprimés Renault,VO;14,21;0;14,21;0;;;;;4939333030;;;;;;;;;;;;1;both;;;;"<div><font size=2 color=""#333333"">Format : 150 x 210 mm.</font></div><div><font size=2 color=""#333333"">2 feuillets.</font></div>";;4939333030,imprimes,renault,rnet,net;;;;fiche-contact-vo-lot-de-100;;;;;;;http://ciscar.local/export/img/imprimes/4939333030.jpg;0;;0;new;0;0;0;0;0;0;0;0
;1;MEMENTO CONSOMMATION V8;Accueil,Imprimés Renault,VN;2,58;0;2,58;0;;;;;4939333038;;;;;;;;;;;;1;both;;;;;;4939333038,imprimes,renault,rnet,net;;;;memento-consommation-v8;;;;;;;http://ciscar.local/export/img/imprimes/4939333038.jpg;0;;0;new;0;0;0;0;0;0;0;0
;1;POCHETTE DOCUMENTS CLIENTS - LOT DE 50;Accueil,Imprimés Renault,VN;28,62;0;28,62;0;;;;;4939333045;;;;;;;;;;;;1;both;;;;"<div><font size=2 color=""#333333"">Format ouvert : 36,5 x 57,8 cm.</font></div><div><font size=2 color=""#333333"">Format fermé : 22 x 31 cm.</font></div>";;4939333045,imprimes,renault,rnet,net;;;;pochette-documents-clients-lot-de-50;;;;;;;http://ciscar.local/export/img/imprimes/4939333045.jpg;0;;0;new;0;0;0;0;0;0;0;0
;1;SUPPORT ETIQ.PRIX VO P.SOLEIL - LOT DE 10;Accueil,Imprimés Renault,VO;55,20;0;55,20;0;;;;;4939333046;;;;;;;;;;;;1;both;;;;;;4939333046,imprimes,renault,rnet,net;;;;support-etiqprix-vo-psoleil-lot-de-10;;;;;;;http://ciscar.local/export/img/imprimes/4939333046.jpg;0;;0;new;0;0;0;0;0;0;0;0
;1;CARNET GARANTIE OR 12-24-36 MOIS - LOT DE 50;Accueil,Imprimés Renault,VO;12,92;0;12,92;0;;;;;4939333047;;;;;;;;;;;;1;both;;;;"<div><font size=2 color=""#333333"">Format ouvert : 21 x 29,7 cm.</font></div><div><font size=2 color=""#333333"">Format fermé : 14,8 x 20 cm.</font></div><div><font size=2 color=""#333333"">24 pages + 4 pages de couverture.</font></div>";;4939333047,imprimes,renault,rnet,net;;;;carnet-garantie-or-12-24-36-mois-lot-de-50;;;;;;;http://ciscar.local/export/img/imprimes/4939333047.jpg;0;;0;new;0;0;0;0;0;0;0;0
;1;CHECK-LIST FLASH AVES - LOT DE 100;Accueil,Imprimés Renault,VN;7,27;0;7,27;0;;;;;4939333063;;;;;;;;;;;;1;both;;;;"<div><font size=2 color=""#333333"">Format ouvert : 29,7 x 42 cm.</font></div><div><font size=2 color=""#333333"">Format fermé : 21 x 29,7 cm.</font></div>";;4939333063,imprimes,renault,rnet,net;;;;check-list-flash-aves-lot-de-100;;;;;;;http://ciscar.local/export/img/imprimes/4939333063.jpg;0;;0;new;0;0;0;0;0;0;0;0
;1;CARNET GARANTIE DACIA 3 MOIS - LOT DE 30;Accueil,Imprimés Renault,VO;53,27;0;53,27;0;;;;;4939333067;;;;;;;;;;;;1;both;;;;"<div><font size=2 color=""#333333"">Format ouvert : 297 x 210 mm.</font></div><div><font size=2 color=""#333333"">Format fermé : 148 x 210 mm.</font></div><div><font size=2 color=""#333333"">28 pages + 4 pages de couverture.</font></div>";;4939333067,imprimes,renault,rnet,net;;;;carnet-garantie-dacia-3-mois-lot-de-30;;;;;;;http://ciscar.local/export/img/imprimes/4939333067.jpg;0;;0;new;0;0;0;0;0;0;0;0
;1;CARNET GARANTIE DACIA 6 MOIS - LOT DE 30;Accueil,Imprimés Renault,VO;21,53;0;21,53;0;;;;;4939333068;;;;;;;;;;;;1;both;;;;"<div><font size=2 color=""#333333"">Format ouvert : 297 x 210 mm.</font></div><div><font size=2 color=""#333333"">Format fermé : 148 x 210 mm.</font></div><div><font size=2 color=""#333333"">32 pages.</font></div>";;4939333068,imprimes,renault,rnet,net;;;;carnet-garantie-dacia-6-mois-lot-de-30;;;;;;;http://ciscar.local/export/img/imprimes/4939333068.jpg;0;;0;new;0;0;0;0;0;0;0;0
;1;CARNET GARANTIE DACIA 12-24-36 MOIS - LOT DE 30;Accueil,Imprimés Renault,VO;33,95;0;33,95;0;;;;;4939333069;;;;;;;;;;;;1;both;;;;"<div><font size=2 color=""#333333"">Format ouvert : 297 x 210 mm.</font></div><div><font size=2 color=""#333333"">Format fermé : 148 x 210 mm.</font></div><div><font size=2 color=""#333333"">32 pages.</font></div>";;4939333069,imprimes,renault,rnet,net;;;;carnet-garantie-dacia-12-24-36-mois-lot-de-30;;;;;;;http://ciscar.local/export/img/imprimes/4939333069.jpg;0;;0;new;0;0;0;0;0;0;0;0
;1;CARNET GARANTIE VO ZE - LOT DE 30;Accueil,Imprimés Renault,VO;39,50;0;39,50;0;;;;;4939333070;;;;;;;;;;;;1;both;;;;"<div><font size=2 color=""#333333"">Format ouvert : 297 x 210 mm.</font></div><div><font size=2 color=""#333333"">Format fermé : 148 x 210 mm.</font></div>";;4939333070,imprimes,renault,rnet,net;;;;carnet-garantie-vo-ze-lot-de-30;;;;;;;http://ciscar.local/export/img/imprimes/4939333070.jpg;0;;0;new;0;0;0;0;0;0;0;0
;1;CARNET GARANTIE VO PRO - LOT DE 30;Accueil,Imprimés Renault,VO;22,87;0;22,87;0;;;;;4939333071;;;;;;;;;;;;1;both;;;;"<div><font size=2 color=""#333333"">Format ouvert : 297 x 210 mm.</font></div><div><font size=2 color=""#333333"">Format fermé : 148 x 210 mm.</font></div>";;4939333071,imprimes,renault,rnet,net;;;;carnet-garantie-vo-pro-lot-de-30;;;;;;;http://ciscar.local/export/img/imprimes/4939333071.jpg;0;;0;new;0;0;0;0;0;0;0;0
;1;CERTIFICAT DE CONTROLE DACIA - LOT DE 25;Accueil,Imprimés Renault,Après-Vente;3,52;0;3,52;0;;;;;4939333200;;;;;;;;;;;;1;both;;;;"<div><font size=2 color=""#333333"">Format : 21 x 29,7 cm.</font></div>";;4939333200,imprimes,renault,rnet,net;;;;certificat-de-controle-dacia-lot-de-25;;;;;;;http://ciscar.local/export/img/imprimes/4939333200.jpg;0;;0;new;0;0;0;0;0;0;0;0
;1;ORDRE DE REPARATION MECANIQUE DACIA - LOT DE 25;Accueil,Imprimés Renault,Après-Vente;5,52;0;5,52;0;;;;;4939333201;;;;;;;;;;;;1;both;;;;"<div><font size=2 color=""#333333"">Format : 216 x 320 mm.</font></div>";;4939333201,imprimes,renault,rnet,net;;;;ordre-de-reparation-mecanique-dacia-lot-de-25;;;;;;;http://ciscar.local/export/img/imprimes/4939333201.jpg;0;;0;new;0;0;0;0;0;0;0;0
;1;FACTURE CONCESSION RRG DACIA - LOT DE 50;Accueil,Imprimés Renault,Après-Vente;5,77;0;5,77;0;;;;;4939333202;;;;;;;;;;;;1;both;;;;"<div><font size=2 color=""#333333"">Format : 320 x 215,9 mm.</font></div>";;4939333202,imprimes,renault,rnet,net;;;;facture-concession-rrg-dacia-lot-de-50;;;;;;;http://ciscar.local/export/img/imprimes/4939333202.jpg;0;;0;new;0;0;0;0;0;0;0;0
;1;ORDRE DE REPARATION CARROSERIE DACIA - LOT DE 25;Accueil,Imprimés Renault,Après-Vente;12,00;0;12,00;0;;;;;4939333203;;;;;;;;;;;;1;both;;;;"<div><font size=2 color=""#333333"">Format : 215 mm x 320 mm.</font></div>";;4939333203,imprimes,renault,rnet,net;;;;ordre-de-reparation-carroserie-dacia-lot-de-25;;;;;;;http://ciscar.local/export/img/imprimes/4939333203.jpg;0;;0;new;0;0;0;0;0;0;0;0
;1;OR/FACTURE AGENT DACIA - LOT DE 50;Accueil,Imprimés Renault,Après-Vente;5,67;0;5,67;0;;;;;4939333204;;;;;;;;;;;;1;both;;;;;;4939333204,imprimes,renault,rnet,net;;;;orfacture-agent-dacia-lot-de-50;;;;;;;http://ciscar.local/export/img/imprimes/4939333204.jpg;0;;0;new;0;0;0;0;0;0;0;0
;1;CINTRE ATTENTION DETAILS VERT- LOT DE 900;Accueil,Imprimés Renault,Après-Vente;73,21;0;73,21;0;;;;;4939333205;;;;;;;;;;;;1;both;;;;"<div><font size=2 color=""#333333"">Format : 140 mm x 202 mm.</font></div>";;4939333205,imprimes,renault,rnet,net;;;;cintre-attention-details-vert-lot-de-900;;;;;;;http://ciscar.local/export/img/imprimes/4939333205.jpg;0;;0;new;0;0;0;0;0;0;0;0
;1;CINTRE ATTENTION DETAILS BLEU - LOT DE 900;Accueil,Imprimés Renault,Après-Vente;73,21;0;73,21;0;;;;;4939333206;;;;;;;;;;;;1;both;;;;"<div><font size=2 color=""#333333"">Format : 140 mm x 202 mm.</font></div>";;4939333206,imprimes,renault,rnet,net;;;;cintre-attention-details-bleu-lot-de-900;;;;;;;http://ciscar.local/export/img/imprimes/4939333206.jpg;0;;0;new;0;0;0;0;0;0;0;0
;1;CINTRE ATTENTION DETAILS BEIGE-  LOT DE 900;Accueil,Imprimés Renault,Après-Vente;73,21;0;73,21;0;;;;;4939333207;;;;;;;;;;;;1;both;;;;"<div><font size=2 color=""#333333"">Format : 140 mm x 202 mm.</font></div>";;4939333207,imprimes,renault,rnet,net;;;;cintre-attention-details-beige-lot-de-900;;;;;;;http://ciscar.local/export/img/imprimes/4939333207.jpg;0;;0;new;0;0;0;0;0;0;0;0
;1;CINTRE ATTENTION DETAILS JAUNE - LOT DE 900;Accueil,Imprimés Renault,Après-Vente;73,21;0;73,21;0;;;;;4939333208;;;;;;;;;;;;1;both;;;;"<div><font size=2 color=""#333333"">Format : 140 mm x 202 mm.</font></div>";;4939333208,imprimes,renault,rnet,net;;;;cintre-attention-details-jaune-lot-de-900;;;;;;;http://ciscar.local/export/img/imprimes/4939333208.jpg;0;;0;new;0;0;0;0;0;0;0;0
;1;CINTRE ATTENTION DETAILS VIOLET - LOT DE 900;Accueil,Imprimés Renault,Après-Vente;73,21;0;73,21;0;;;;;4939333209;;;;;;;;;;;;1;both;;;;"<div><font size=2 color=""#333333"">Format : 140 mm x 202 mm.</font></div>";;4939333209,imprimes,renault,rnet,net;;;;cintre-attention-details-violet-lot-de-900;;;;;;;http://ciscar.local/export/img/imprimes/4939333209.jpg;0;;0;new;0;0;0;0;0;0;0;0
;1;CINTRE ATTENTION DETAILS ROUGE - LOT DE 900;Accueil,Imprimés Renault,Après-Vente;73,21;0;73,21;0;;;;;4939333210;;;;;;;;;;;;1;both;;;;"<div><font size=2 color=""#333333"">Format : 140 mm x 202 mm.</font></div>";;4939333210,imprimes,renault,rnet,net;;;;cintre-attention-details-rouge-lot-de-900;;;;;;;http://ciscar.local/export/img/imprimes/4939333210.jpg;0;;0;new;0;0;0;0;0;0;0;0
;1;PANNEAU 6 POINTS/ 6 MINUTES  1=1;Accueil,Imprimés Renault,Après-Vente;19,54;0;19,54;0;;;;;4939333215;;;;;;;;;;;;1;both;;;;"<div><font size=2 color=""#333333"">Format : 700 x 1000 mm.</font></div><div><font size=2 color=""#333333"">Panneau PVC Veleda.</font></div>";;4939333215,imprimes,renault,rnet,net;;;;panneau-6-points-6-minutes-1=1;;;;;;;http://ciscar.local/export/img/imprimes/4939333215.jpg;0;;0;new;0;0;0;0;0;0;0;0
;1;BON PIECES JAUNE 2 FLETS - LOT DE 250;Accueil,Imprimés Renault,Après-Vente;11,18;0;11,18;0;;;;;4939602110;;;;;;;;;;;;1;both;;;;;;4939602110,imprimes,renault,rnet,net;;;;bon-pieces-jaune-2-flets-lot-de-250;;;;;;;http://ciscar.local/export/img/imprimes/4939602110.jpg;0;;0;new;0;0;0;0;0;0;0;0
;1;FACTURE PARAVENT METROPOLE - LOT DE 500;Accueil,Imprimés Renault,Après-Vente;48,30;0;48,30;0;;;;;4939602430;;;;;;;;;;;;1;both;;;;"<div><font size=2 color=""#333333"">Format : 223 x 305 mm.</font></div>";;4939602430,imprimes,renault,rnet,net;;;;facture-paravent-metropole-lot-de-500;;;;;;;http://ciscar.local/export/img/imprimes/4939602430.jpg;0;;0;new;0;0;0;0;0;0;0;0
;1;ORDRE DE REPARATION AGENT - LOT DE 250;Accueil,Imprimés Renault,Après-Vente;18,49;0;18,49;0;;;;;4939602620;;;;;;;;;;;;1;both;;;;"<div><font size=2 color=""#333333"">Format : 280 x 210 mm.</font></div>";;4939602620,imprimes,renault,rnet,net;;;;ordre-de-reparation-agent-lot-de-250;;;;;;;http://ciscar.local/export/img/imprimes/4939602620.jpg;0;;0;new;0;0;0;0;0;0;0;0
;1;OR CARROSERIE SANS NUMERO - LOT DE 250;Accueil,Imprimés Renault,Après-Vente;21,74;0;21,74;0;;;;;4939602960;;;;;;;;;;;;1;both;;;;"<div><font size=2 color=""#333333"">Format : 216 mm x 320 mm.</font></div><div><font size=2 color=""#333333"">Liasses de 5 feuillets.</font></div>";;4939602960,imprimes,renault,rnet,net;;;;or-carroserie-sans-numero-lot-de-250;;;;;;;http://ciscar.local/export/img/imprimes/4939602960.jpg;0;;0;new;0;0;0;0;0;0;0;0
;1;FICHE SIGNALETIQUE MANUEL. - LOT DE 250;Accueil,Imprimés Renault,VO;23,25;0;23,25;0;;;;;4939610170;;;;;;;;;;;;1;both;;;;"<div><font size=2 color=""#333333"">Format : 310 x 215,9 mm.</font></div>";;4939610170,imprimes,renault,rnet,net;;;;fiche-signaletique-manuel-lot-de-250;;;;;;;http://ciscar.local/export/img/imprimes/4939610170.jpg;0;;0;new;0;0;0;0;0;0;0;0
;1;LISTING 1EX. 12X240 VIERGE - LOT DE 2500;Accueil,Imprimés Renault,Divers;22,60;0;22,60;0;;;;;4939617355;;;;;;;;;;;;1;both;;;;"<div><font size=2 color=""#333333"">Format : 12&quot; x 305 mm</font></div><div><font size=2 color=""#333333"">70 gr</font></div>";;4939617355,imprimes,renault,rnet,net;;;;listing-1ex-12x240-vierge-lot-de-2500;;;;;;;http://ciscar.local/export/img/imprimes/4939617355.jpg;0;;0;new;0;0;0;0;0;0;0;0
;1;LISTING 1EX 11X360 VIERGE - LOT DE 2000;Accueil,Imprimés Renault,Divers;18,35;0;18,35;0;;;;;4939618052;;;;;;;;;;;;1;both;;;;"<div><font size=2 color=""#333333"">Format &nbsp;: 11&quot; x 360 mm.</font></div>";;4939618052,imprimes,renault,rnet,net;;;;listing-1ex-11x360-vierge-lot-de-2000;;;;;;;http://ciscar.local/export/img/imprimes/4939618052.jpg;0;;0;new;0;0;0;0;0;0;0;0
;1;LISTING 1EX. 11X380 VIERGE - LOT DE 2500;Accueil,Imprimés Renault,Divers;43,75;0;43,75;0;;;;;4939618150;;;;;;;;;;;;1;both;;;;"<div><font size=2 color=""#333333"">Format : 11&quot; x 380 mm</font></div><div><font size=2 color=""#333333"">70 gr</font></div>";;4939618150,imprimes,renault,rnet,net;;;;listing-1ex-11x380-vierge-lot-de-2500;;;;;;;http://ciscar.local/export/img/imprimes/4939618150.jpg;0;;0;new;0;0;0;0;0;0;0;0
;1;LISTING 1EX. 12X380 VIERGE - LOT DE 2000;Accueil,Imprimés Renault,Divers;53,68;0;53,68;0;;;;;4939618151;;;;;;;;;;;;1;both;;;;"<div><font size=2 color=""#333333"">Format : 12&quot; x 380 mm</font></div><div><font size=2 color=""#333333"">70 gr</font></div>";;4939618151,imprimes,renault,rnet,net;;;;listing-1ex-12x380-vierge-lot-de-2000;;;;;;;http://ciscar.local/export/img/imprimes/4939618151.jpg;0;;0;new;0;0;0;0;0;0;0;0
;1;POCHETTE PLASTIQUE DECOUPEE - LOT DE 100;Accueil,Imprimés Renault,Après-Vente;12,53;0;12,53;0;;;;;4939625600;;;;;;;;;;;;1;both;;;;"<div><font size=2 color=""#333333"">Format : 428 x 110 mm.</font></div><div><font size=2 color=""#333333"">En PVC Cristal.</font></div>";;4939625600,imprimes,renault,rnet,net;;;;pochette-plastique-decoupee-lot-de-100;;;;;;;http://ciscar.local/export/img/imprimes/4939625600.jpg;0;;0;new;0;0;0;0;0;0;0;0
;1;LISTING ZONE 1EX 12X378 - LOT DE 2000;Accueil,Imprimés Renault,Divers;32,84;0;32,84;0;;;;;4939628151;;;;;;;;;;;;1;both;;;;"<div><font size=2 color=""#333333"">Format : 12&quot; x 380 mm.</font></div>";;4939628151,imprimes,renault,rnet,net;;;;listing-zone-1ex-12x378-lot-de-2000;;;;;;;http://ciscar.local/export/img/imprimes/4939628151.jpg;0;;0;new;0;0;0;0;0;0;0;0
;1;LISTING 1EX. 11X380 ZONE- LOT DE 2000;Accueil,Imprimés Renault,Divers;27,24;0;27,24;0;;;;;4939628152;;;;;;;;;;;;1;both;;;;"<div><font size=2 color=""#333333"">Format : 11&quot; x 380 mm</font></div><div><font size=2 color=""#333333"">70 gr</font></div>";;4939628152,imprimes,renault,rnet,net;;;;listing-1ex-11x380-zone-lot-de-2000;;;;;;;http://ciscar.local/export/img/imprimes/4939628152.jpg;0;;0;new;0;0;0;0;0;0;0;0
;1;BON DE COMMANDE DE TRAVAUX EXT. - LOT DE 100;Accueil,Imprimés Renault,Après-Vente;6,61;0;6,61;0;;;;;4939628229;;;;;;;;;;;;1;both;;;;"<div><font size=2 color=""#333333"">Format : 216 mm x 297 mm.</font></div><div><font size=2 color=""#333333"">Liasse de 4 feuillets.</font></div>";;4939628229,imprimes,renault,rnet,net;;;;bon-de-commande-de-travaux-ext-lot-de-100;;;;;;;http://ciscar.local/export/img/imprimes/4939628229.jpg;0;;0;new;0;0;0;0;0;0;0;0
;1;PORTE DOCUMENTS A4;Accueil,Imprimés Renault,Après-Vente;10,63;0;10,63;0;;;;;4939633107;;;;;;;;;;;;1;both;;;;"<div><font size=2 color=""#333333"">Format : 360 x 230 mm.</font></div><div><font size=2 color=""#333333"">En carton compact.</font></div>";;4939633107,imprimes,renault,rnet,net;;;;porte-documents-a4;;;;;;;http://ciscar.local/export/img/imprimes/4939633107.jpg;0;;0;new;0;0;0;0;0;0;0;0
;1;FICHE REPARATION AGENT - LOT DE 500;Accueil,Imprimés Renault,Après-Vente;6,39;0;6,39;0;;;;;4939633150;;;;;;;;;;;;1;both;;;;"<div><font size=2 color=""#333333"">Format : 148 x 210 mm.</font></div>";;4939633150,imprimes,renault,rnet,net;;;;fiche-reparation-agent-lot-de-500;;;;;;;http://ciscar.local/export/img/imprimes/4939633150.jpg;0;;0;new;0;0;0;0;0;0;0;0
;1;COMMANDE DEPANNAGE BLANC - LOT DE 100;Accueil,Imprimés Renault,Après-Vente;6,86;0;6,86;0;;;;;4939633170;;;;;;;;;;;;1;both;;;;"<div><font size=2 color=""#333333"">Format : 210 x 152,4 mm.</font></div>";;4939633170,imprimes,renault,rnet,net;;;;commande-depannage-blanc-lot-de-100;;;;;;;http://ciscar.local/export/img/imprimes/4939633170.jpg;0;;0;new;0;0;0;0;0;0;0;0
;1;COMMANDE DEPANNAGE VERT - LOT DE 100;Accueil,Imprimés Renault,Après-Vente;7,30;0;7,30;0;;;;;4939633175;;;;;;;;;;;;1;both;;;;"<div><font size=2 color=""#333333"">Format : 210 x 152,4 mm.</font></div>";;4939633175,imprimes,renault,rnet,net;;;;commande-depannage-vert-lot-de-100;;;;;;;http://ciscar.local/export/img/imprimes/4939633175.jpg;0;;0;new;0;0;0;0;0;0;0;0
;1;BON DE SERVICE - BLOC DE 100;Accueil,Imprimés Renault,Après-Vente;2,59;0;2,59;0;;;;;4939633193;;;;;;;;;;;;1;both;;;;"<div><font size=2 color=""#333333"">Format : 210 x 296 mm.</font></div>";;4939633193,imprimes,renault,rnet,net;;;;bon-de-service-bloc-de-100;;;;;;;http://ciscar.local/export/img/imprimes/4939633193.jpg;0;;0;new;0;0;0;0;0;0;0;0
;1;SUIVI DES COMMANDES FORCE DE VENTE - LOT DE 100;Accueil,Imprimés Renault,Après-Vente;10,46;0;10,46;0;;;;;4939633197;;;;;;;;;;;;1;both;;;;"<div><font size=2 color=""#333333"">Format : 210 mm x 297 mm.</font></div><div><font size=2 color=""#333333"">Liasse de 4 feuillets.</font></div>";;4939633197,imprimes,renault,rnet,net;;;;suivi-des-commandes-force-de-vente-lot-de-100;;;;;;;http://ciscar.local/export/img/imprimes/4939633197.jpg;0;;0;new;0;0;0;0;0;0;0;0
;1;DOSSIER CAMPAGNE PROMOTION - LOT DE 100;Accueil,Imprimés Renault,Après-Vente;42,78;0;42,78;0;;;;;4939633202;;;;;;;;;;;;1;both;;;;"<div><font size=2 color=""#333333"">Format ouvert : 30,5 x 46 cm.</font></div><div><font size=2 color=""#333333"">Format fermé : 23 x 30,5 cm.</font></div>";;4939633202,imprimes,renault,rnet,net;;;;dossier-campagne-promotion-lot-de-100;;;;;;;http://ciscar.local/export/img/imprimes/4939633202.jpg;0;;0;new;0;0;0;0;0;0;0;0
;1;DOSSIER CLIENT - LOT DE 50;Accueil,Imprimés Renault,Après-Vente;173,19;0;173,19;0;;;;;4939633203;;;;;;;;;;;;1;both;;;;;;4939633203,imprimes,renault,rnet,net;;;;dossier-client-lot-de-50;;;;;;;http://ciscar.local/export/img/imprimes/4939633203.jpg;0;;0;new;0;0;0;0;0;0;0;0
;1;FACTURE CONTI SNAP LOG DTE - LOT DE 500;Accueil,Imprimés Renault,Après-Vente;38,64;0;38,64;0;;;;;4939633205;;;;;;;;;;;;1;both;;;;"<div><font size=2 color=""#333333"">Format : 318 x 212 mm.</font></div><div><font size=2 color=""#333333"">3 feuillets.</font></div>";;4939633205,imprimes,renault,rnet,net;;;;facture-conti-snap-log-dte-lot-de-500;;;;;;;http://ciscar.local/export/img/imprimes/4939633205.jpg;0;;0;new;0;0;0;0;0;0;0;0
;1;ORDRE REPARATION MECANIQUE - LOT DE 250;Accueil,Imprimés Renault,Après-Vente;16,97;0;16,97;0;;;;;4939633236;;;;;;;;;;;;1;both;;;;"<div><font size=2 color=""#333333"">Format : 320 x 212 mm.</font></div>";;4939633236,imprimes,renault,rnet,net;;;;ordre-reparation-mecanique-lot-de-250;;;;;;;http://ciscar.local/export/img/imprimes/4939633236.jpg;0;;0;new;0;0;0;0;0;0;0;0
;1;BON COMMANDE PIECES - LOT DE 1000;Accueil,Imprimés Renault,Après-Vente;57,06;0;57,06;0;;;;;4939633247;;;;;;;;;;;;1;both;;;;"<div><font size=2 color=""#333333"">Format : 302 x 216 mm.</font></div>";;4939633247,imprimes,renault,rnet,net;;;;bon-commande-pieces-lot-de-1000;;;;;;;http://ciscar.local/export/img/imprimes/4939633247.jpg;0;;0;new;0;0;0;0;0;0;0;0
;1;ROULEAU PAPERBOARD MANAGE.RETOUCHE;Accueil,Imprimés Renault,Après-Vente;26,91;0;26,91;0;;;;;4939641925;;;;;;;;;;;;1;both;;;;"<div><font size=2 color=""#333333"">Format : 64 x 100 cm.</font></div>";;4939641925,imprimes,renault,rnet,net;;;;rouleau-paperboard-manageretouche;;;;;;;http://ciscar.local/export/img/imprimes/4939641925.jpg;0;;0;new;0;0;0;0;0;0;0;0
;1;LISTING 2 EX 11 380 VIERGE - LOT DE 1000;Accueil,Imprimés Renault,Divers;31,81;0;31,81;0;;;;;4939648150;;;;;;;;;;;;1;both;;;;"<div><font size=2 color=""#333333"">Format : 11&quot; x 380 mm.</font></div>";;4939648150,imprimes,renault,rnet,net;;;;listing-2-ex-11-380-vierge-lot-de-1000;;;;;;;http://ciscar.local/export/img/imprimes/4939648150.jpg;0;;0;new;0;0;0;0;0;0;0;0
;1;ADDITIF 4 GESTES FR - LOT DE 500;Accueil,Imprimés Renault,Après-Vente;47,33;0;47,33;0;;;;;8211036747;;;;;;;;;;;;1;both;;;;"<div><font size=2 color=""#333333"">Format : 11&quot; x 380 mm</font></div>";;8211036747,imprimes,renault,rnet,net;;;;additif-4-gestes-fr-lot-de-500;;;;;;;http://ciscar.local/export/img/imprimes/8211036747.jpg;0;;0;new;0;0;0;0;0;0;0;0
;1;CERTIFICAT CONFORMITE A4 95GR- LOT DE 1000;Accueil,Imprimés Renault,Divers;58,18;0;58,18;0;;;;;R100183716;;;;;;;;;;;;1;both;;;;;;R100183716,imprimes,renault,rnet,net;;;;certificat-conformite-a4-95gr-lot-de-1000;;;;;;;http://ciscar.local/export/img/imprimes/R100183716.jpg;0;;0;new;0;0;0;0;0;0;0;0
;1;ENVELOPPE 415X325 PVC BLANC - LOT DE 100;Accueil,Imprimés Renault,Divers;22,12;0;22,12;0;;;;;X972536518;;;;;;;;;;;;1;both;;;;;;X972536518,imprimes,renault,rnet,net;;;;enveloppe-415x325-pvc-blanc-lot-de-100;;;;;;;http://ciscar.local/export/img/imprimes/X972536518.jpg;0;;0;new;0;0;0;0;0;0;0;0
;;;;;;;;;;;;;;;;;;;;;;;;;;;;;;;;;;;;;;;;;;;;;;;;;;;;;;
